Name,Age
Johnathan,94
Penelopa,13
Brady,122
Wood,112
Willa,8
Wash,39
Valaree,139
Xaviera,5
Mordy,114
Simonette,111
Hebert,104
Farlay,90
Zaneta,42
Madelene,79
Lorene,125
Lesya,116
Pansie,56
Lawrence,65
Jamie,5
Trescha,65
Euphemia,33
Glad,52
Carey,104
Orly,74
Odele,9
Maure,88
Leandra,11
Antonio,100
Stearne,121
Ennis,51
Care,56
Saraann,41
Nathanael,133
Merle,55
Hillie,110
Amery,19
Galvan,120
Burl,110
Olympia,59
Delcina,33
Blake,36
Sophronia,113
Eran,119
Michail,99
Christophe,45
Early,13
Claudianus,76
Christel,77
Halsey,144
Efren,105
Nan,14
Elspeth,106
Blakelee,12
Loria,104
Sharia,65
Katy,113
Paxton,102
Mireielle,148
Ralph,65
Griffin,115
Victoir,107
Kinsley,21
Abagael,98
Delano,91
Camey,8
Francisco,11
Roch,63
Roy,116
Ignatius,132
Lebbie,35
Emanuele,46
Thayne,118
Kathie,123
Rosaleen,40
Renate,113
Brunhilda,84
Tye,46
Sherlock,78
Lilah,58
Roby,58
Marley,124
Malia,15
Catlee,58
Kris,92
Murvyn,126
Igor,95
Olympia,103
Dory,139
Letty,91
Alexander,48
Nananne,18
Burt,16
Aristotle,149
Teodorico,143
Alexander,100
Neille,70
Marne,91
Antony,62
Winfred,65
Graham,42
Grete,60
Quincy,133
Ede,63
Bell,121
Feodor,82
Vikky,125
Dalt,46
Averyl,137
Bernice,109
Scarlett,48
Chelsea,149
Fernanda,46
Johnathan,63
Ambrosius,143
Elayne,68
Preston,69
Claude,139
Morse,68
Jessica,88
Pate,28
Lindy,122
Von,41
Tad,34
Ardith,34
Gypsy,38
Thibaut,140
Trudi,42
Beatrice,66
Gael,93
Tuck,127
Farr,41
Bel,40
Sheelah,76
Antin,82
Waylin,54
Agneta,11
Thacher,84
Emilia,145
Lelia,123
Alexandra,13
Jacenta,24
Waneta,95
Saxon,102
Geralda,142
Gertrude,142
Diena,150
Bourke,106
Misty,17
Bren,25
Zackariah,7
Dulce,141
Gaspar,115
Dom,144
Murray,63
Waylan,105
Kathrine,23
Emerson,140
Ryley,90
Jilly,97
Blake,117
Meagan,78
Amargo,20
Darwin,22
Elsinore,135
Ciel,46
Lance,55
Adelice,67
Valry,1
Mateo,105
Scarlet,62
Jannel,27
Brnaby,61
Coriss,56
Morgen,57
Ricoriki,13
Batsheva,40
Brewer,100
Halie,21
Olive,130
Emelia,59
Rheta,56
Fallon,41
Alfie,81
Meggi,1
Esdras,130
Jerrie,75
Gardener,11
Corrina,90
Tobiah,50
Doretta,100
Glen,16
Rickie,144
Rourke,39
Ruperta,56
Donna,4
Raoul,145
Ximenes,49
Rutger,63
Kinna,57
Franky,51
Ara,11
Janean,78
Giralda,47
Woodie,122
Maryellen,1
Eugine,61
Wilhelm,99
Marchelle,37
Jerrylee,121
Bertrando,115
Herminia,28
Sianna,89
Jaime,37
Verena,90
Lucita,115
Felic,28
Beatrice,28
Blisse,112
Charissa,85
Bowie,49
Piotr,72
Harlan,96
Sammy,108
Tersina,118
Rochette,37
Irma,147
Zelig,23
Dredi,107
Brittan,53
Reid,16
Kane,141
Ermin,23
Barb,29
Leesa,73
Xerxes,132
Moe,94
Kameko,71
Theresina,103
Joyous,101
Siusan,60
Jdavie,66
Ty,141
Dacy,2
Thia,136
Giacobo,107
Verna,40
Weidar,104
Bogart,88
Ambur,89
Nydia,7
Fancie,26
Marcelia,88
Adamo,31
Walden,77
Cicily,42
Randy,14
Desirae,44
Linnea,117
Allissa,126
Philipa,94
Ingar,89
Udell,114
Tessie,44
Marisa,13
Kippy,78
Camilla,12
Rhianna,19
Filberto,102
Aurilia,34
Corrinne,132
Joela,122
Correna,11
Solomon,46
Abie,148
Renae,95
Filmer,43
La verne,126
Alisha,71
Marshall,52
Margaretha,92
Ursula,71
Dierdre,119
Beck,97
Marquita,104
Tadeo,37
Cherri,25
Rochelle,18
Petronille,70
Agnola,61
Adele,132
Ignazio,25
Yehudit,42
Joyan,96
Cornela,38
Gery,123
Sayre,64
Arturo,43
Dora,27
Carmen,11
Goraud,19
Abey,148
Valentine,61
Selinda,94
Philly,47
Freeland,4
Geri,54
Aleta,6
Joscelin,127
Marabel,100
Dawna,120
Sheff,41
Margery,4
Kaine,80
Leona,51
Roddy,109
Dud,76
Eran,135
Norby,111
Haily,42
Giles,75
Jelene,25
Salem,57
Billye,36
Horton,149
Madeline,137
Milly,47
Mariska,115
Bogart,142
Ursola,114
Kelley,96
Modestine,136
Amaleta,33
Ansel,142
Janaya,94
Brittney,138
Raff,84
Sybille,37
Nicola,4
Valenka,103
Jeremie,52
Amanda,96
Dorey,101
Trueman,39
Jackie,92
Omar,149
Anastasia,106
Cindie,48
Curran,77
Vernon,142
Reinhold,34
Anni,13
Torey,10
Mathew,47
Barbey,49
Carlee,42
Craggie,140
Aleen,33
Lee,108
Zach,8
Clint,100
Filippo,128
Shirlene,146
Horatia,95
Nealson,50
Sybyl,140
Casey,138
Nevin,74
Kayley,132
Harvey,7
Celine,40
Clementine,77
Brett,75
Wendall,77
Alvira,80
Filia,149
Abigail,2
Curcio,88
Nanette,59
Tammy,136
Andrea,84
Chester,31
Emmet,105
Quinton,126
Alyda,135
Stephenie,70
Haze,72
Ira,47
Kylynn,93
Chip,106
Jamil,32
Stephan,114
Colly,76
Dionisio,145
Deina,89
Elsworth,35
Nikoletta,6
Brina,101
Winifred,24
Anabelle,19
Brita,95
Peadar,126
Mikey,123
Andy,72
Nananne,145
Bess,115
Jervis,122
Brooks,54
Kristos,26
Kienan,43
Carlynn,110
Janos,139
Benjamen,8
Wilfred,126
Granville,132
Petey,32
Niles,80
Elladine,49
Alexis,29
Bobby,63
Patric,50
Jody,122
Gwennie,115
Quintilla,43
Bonny,51
Nollie,2
Janek,130
Cad,67
Ninette,57
Betteann,119
Jody,86
Haily,13
Marshall,17
Roda,85
Josey,49
Constantine,100
Daveen,49
Shelagh,102
Giustino,139
Marcelo,6
Dory,23
Anett,12
Arleta,58
Lorry,134
Wenonah,11
Lanette,18
Freemon,93
Niles,103
Yvor,132
Edgard,32
Dasha,41
Elbertina,117
Marcella,51
Harriet,84
Dan,26
Paton,112
Dagmar,121
Kissee,18
Vernen,26
Joni,114
Hollis,112
Cortney,20
Bruno,107
Sigismund,67
Bren,114
Liv,75
Egbert,143
L;urette,144
Reed,62
Christabel,99
Orran,83
Kathe,8
Joseph,112
Yanaton,33
Lian,9
Dale,108
Kinnie,102
Mella,42
Leonardo,60
Nahum,130
Pincus,103
Shel,88
Cosimo,52
Warner,45
Fergus,33
Homer,14
Yard,132
Jewelle,14
Dorothee,46
Feodor,22
Hector,23
Layne,110
Rriocard,22
Annabel,23
Gizela,107
Carlye,134
Balduin,41
Nerty,123
Howard,115
Freedman,65
Glynda,29
Lee,135
Prescott,137
Annemarie,123
Quill,28
Laurette,142
Felicle,53
Kaye,87
Ivan,132
Moishe,4
Kenon,12
Lorrie,25
Norbert,57
Franky,129
Alameda,77
Nessie,118
Edd,20
Ozzy,71
Marlee,94
Derril,1
Maddie,121
Ileane,65
Gabriele,143
Oby,116
Sarah,39
Annabell,105
Lilyan,112
Karylin,3
Lorie,121
Kale,100
Bridgette,45
Lamont,68
Zebulon,18
Bess,127
Brittney,140
Delly,17
Rab,103
Morey,3
Franky,23
Elfreda,30
Osgood,57
Manya,82
Maude,76
Ethelind,9
Christan,71
Shaw,112
Gretchen,37
Carlie,118
Giffy,99
Farah,22
Emera,66
Karrah,74
Abra,61
Loy,5
Beatrix,20
Brody,4
Kenny,62
Doloritas,128
Vina,103
Rudy,133
Harlan,32
Weider,44
Sofie,17
Winfield,62
Lindy,137
Winslow,136
Broderick,19
Carlos,27
Pauly,37
Ardelia,139
Doralyn,79
Jeanelle,66
Laurette,60
Elvin,54
Brita,48
Charlie,13
Luca,27
Courtney,37
Madalyn,139
Kameko,44
Phillis,42
Kristian,69
Augustina,88
Maxy,67
Nikolai,65
Nannette,104
Beltran,133
Berne,122
Farr,50
Danie,2
Devina,17
Damon,7
Wolfgang,7
Homerus,117
Othella,41
Gilda,120
Iggie,37
Peter,111
Sal,81
Cleon,2
Billy,118
Thebault,112
Lorelle,109
Lettie,127
Cecil,121
Garnette,3
Glynnis,107
Waylan,19
Brocky,15
Ailis,16
Bran,67
Waldo,68
Ikey,75
Eddy,44
Morey,45
Monique,42
Donall,106
Aveline,132
Cairistiona,35
Simonette,3
Geri,120
Sax,67
Billie,115
Roy,70
Margarete,119
Keri,12
Orland,79
Farrah,129
Harriot,133
Durante,43
Micheal,122
Adlai,126
Richmond,123
Justino,39
Darnell,87
Lissi,70
Daren,46
Ronnie,122
Whitney,105
Melisenda,117
Elia,69
Catharina,146
Montague,68
Dario,10
Ulises,81
Guglielma,142
Daryl,65
Rosalinde,73
Lockwood,59
Ashley,80
Eddi,67
Kurtis,95
Vaclav,130
Ashley,104
Graehme,124
Bat,123
Scarface,19
Lionel,129
Kareem,2
Natale,85
Rora,132
Demetri,47
Elisa,20
Gino,103
Hildy,132
Gal,81
Vincent,137
Jenda,79
Sherie,16
Midge,135
Addia,81
Harman,79
Hew,136
Shena,130
Quint,104
Candis,31
Kalle,67
Moyra,114
Ebony,73
Dill,73
Far,107
Lanie,58
Debbie,131
Welby,107
Aggy,111
Sorcha,5
Lawton,93
Skippy,55
Micheline,74
Margaretta,133
Madelene,33
Joni,39
Rutger,30
Amabel,85
Allister,52
Lucien,97
Donia,12
Tripp,66
Maribel,42
Alwin,6
Blancha,54
Ediva,114
Halette,144
Tallia,12
Genevieve,4
Deck,52
Verena,133
Rasia,3
Camella,81
Jack,22
Morgan,8
Adore,128
Bert,87
Nell,121
Baudoin,51
Nero,71
Archibaldo,27
Sal,90
Richard,90
Wilmette,145
Shari,129
Elinore,133
Terrye,2
Conrado,122
Cordelie,64
Wait,93
Oswell,58
Wallis,10
Finley,51
Bernie,119
Tuckie,45
Gareth,92
Dorise,95
Zackariah,107
Clement,78
Laney,138
Tabby,145
Cherri,112
Felicity,91
Gizela,3
Alisha,95
Torrence,73
Donetta,77
Darla,30
Sheila-kathryn,101
Renault,61
Angeline,43
Alonso,22
Shari,78
Milissent,89
Anna-diana,51
Yoshi,42
Onida,125
Bradley,95
Bettine,43
Kelvin,88
Teriann,89
Leese,102
Van,34
Sapphire,77
Stevie,94
Pearce,52
Lorrin,32
Tristam,150
Robinia,123
Paolina,23
Gene,37
Gaultiero,34
Gerrie,113
Starr,2
Neala,58
Herminia,76
Mycah,82
Krishna,90
Luca,73
Jeffie,103
Sandy,64
Lucho,60
Julienne,113
Agretha,98
Phoebe,106
Pammi,81
Dermot,116
Isobel,42
Cacilia,42
Bernadene,68
Rem,64
Josi,19
Verile,2
Marcello,37
Seth,31
Barbara,69
Maryl,16
Stanislaus,89
Queenie,114
Deck,90
Kelsey,118
Yard,145
Alric,30
Prentiss,43
Viola,149
Giavani,17
Ulysses,61
Ernst,13
Rene,67
Gayel,61
Bibbye,69
Catha,145
Lydon,88
Evangeline,101
Johnnie,86
Lonnard,116
Quintilla,54
Belinda,116
Raeann,22
Karlens,67
Darnall,75
Reilly,117
Amos,75
Cindi,31
Pavlov,24
Lynn,112
Hatti,49
Mariann,108
Cindi,34
Dallis,129
Marti,109
Gabriel,36
Anne-marie,19
Reynard,36
Thibaud,70
Raquela,44
Alwin,130
Jillian,33
Junette,86
Skipton,75
Lela,36
Clio,119
Blondell,89
Isaak,77
Vera,132
Siffre,138
Roderic,110
Anderson,39
Alexia,99
Terri,74
Viki,127
Brittney,3
Garnette,135
Teddie,11
Nata,150
Galvin,139
Dermot,133
Mario,43
Hugibert,53
Felike,5
Leisha,46
Jemimah,59
Van,84
Art,31
Jaimie,141
Lyn,17
Dyan,100
Rowena,54
Rebekah,111
Jaymee,118
Kiel,148
Kathlin,105
Mersey,107
Ellsworth,75
Matthias,26
Katrinka,59
Tandy,140
Hewe,133
Loree,42
Raphaela,5
Ivory,43
Ella,107
Kaja,70
Davie,60
Griselda,138
Bryn,8
Haven,101
Wrennie,114
Zabrina,41
Annadiane,123
Deena,90
Velma,144
Jorie,86
Georgeanna,62
Barry,91
Sandi,146
Winn,135
Mella,19
Sibylle,132
Abelard,88
Andros,21
Matthieu,72
Verile,49
Dorita,112
Kippar,86
Louie,41
Abram,142
Leslie,93
Kelwin,150
Hyacinthie,17
Regen,113
Candi,120
Kara-lynn,25
Giorgia,54
Cherise,72
Margarethe,83
Robinia,84
Hayes,63
Daveen,36
Valentin,124
Cull,17
Shaina,107
Ludwig,65
Glynda,80
Gery,95
Llywellyn,23
Franciskus,33
Johnath,78
Cherri,122
Giralda,53
Lorens,136
Bernardina,130
Babette,93
Margarethe,147
Chrisse,134
De,7
Reggie,65
Ailbert,13
Lucius,72
George,67
Mehetabel,19
Tabbatha,25
Rosabelle,9
Angela,83
Josselyn,59
Yank,1
Reynolds,110
Mackenzie,94
Sean,69
Barnabe,147
Jacky,38
Major,23
Starlin,108
Marietta,22
Bartel,70
Husain,70
Colver,70
Nicholle,119
Joellen,102
Cheston,31
Marylynne,8
Gwendolin,112
Dave,141
Gallagher,96
Hiram,130
Carmella,1
Archie,140
Menard,99
Halette,22
Albertina,7
Florina,15
Shamus,87
Berk,113
Cecilia,101
Bradney,119
Shawn,131
Winnie,115
Bride,88
Melvin,108
Meghann,12
Bibby,107
Berta,139
Cori,140
Jillane,113
Francoise,34
Ossie,24
Jasen,46
Aurore,1
Lyle,74
Ernaline,90
Brandtr,64
Suzy,42
Milo,18
Karil,71
Sigismondo,146
Teresina,36
Myca,44
Maible,28
Rubie,51
Lorrin,93
Gerianna,12
Celina,82
Ruben,105
Angelika,145
Gussy,133
